<?xml version="1.0" encoding="UTF-8"?>
<DI_TELEGRAM>
	<header>
		<FULL>
			<HEADER_SOURCE>WAMAS</HEADER_SOURCE>
			<HEADER_DESTINATION>HOST</HEADER_DESTINATION>
			<HEADER_SEQUENCE>0</HEADER_SEQUENCE>
			<HEADER_CREATIONTIME>20230403110932</HEADER_CREATIONTIME>
			<HEADER_RECORDTYPENAME>LOGIMATPDACK00005</HEADER_RECORDTYPENAME>
		</FULL>
	</header>
	<body>
		<LOGIMATPDACK00005>
			<LogimatPickingDemand_demandNo>order5p</LogimatPickingDemand_demandNo>
			<LogimatPickingDemand_demandType_typeId>SHPG</LogimatPickingDemand_demandType_typeId>
			<LogimatPickingDemand_priority>0</LogimatPickingDemand_priority>
			<LogimatPickingDemand_noteNo>note</LogimatPickingDemand_noteNo>
			<LogimatPickingDemand_externalRef>ref</LogimatPickingDemand_externalRef>
			<LogimatPickingDemand_state_mainState>FINISHED</LogimatPickingDemand_state_mainState>
			<LogimatPickingDemand_zone>ZONEA</LogimatPickingDemand_zone>
			<LOGIMATPDLACK00003>
				<LogimatPickingDemandLine_demand_demandNo>order5p</LogimatPickingDemandLine_demand_demandNo>
				<LogimatPickingDemandLine_sysPartnerLine>1</LogimatPickingDemandLine_sysPartnerLine>
				<LogimatPickingDemandLine_demandLineNo>1</LogimatPickingDemandLine_demandLineNo>
				<LogimatPickingDemandLine_sqa_pkv_Item_Client_clientId>MSWC</LogimatPickingDemandLine_sqa_pkv_Item_Client_clientId>
				<LogimatPickingDemandLine_sqa_pkv_Item_itemNo>0000334308</LogimatPickingDemandLine_sqa_pkv_Item_itemNo>
				<LogimatPickingDemandLine_sqa_pkv_Item_variant>Y122-08</LogimatPickingDemandLine_sqa_pkv_Item_variant>
				<LogimatPickingDemandLine_sqa_batch>B</LogimatPickingDemandLine_sqa_batch>
				<LogimatPickingDemandLine_diffReason>NONE</LogimatPickingDemandLine_diffReason>
				<LogimatPickingDemandLine_orderedAmount_baseQty>1.0</LogimatPickingDemandLine_orderedAmount_baseQty>
				<LogimatPickingDemandLine_releasedAmount_baseQty>1.0</LogimatPickingDemandLine_releasedAmount_baseQty>
				<LogimatPickingDemandLine_deliveredAmount_baseQty>1.0</LogimatPickingDemandLine_deliveredAmount_baseQty>
				<csia1>MC</csia1>
				<csia2>20231212</csia2>
				<csia3>S</csia3>
				<LOGIMATPDLACTIVITYACK00002>
					<LogimatPickingActivity_opening_LogimatDcCfg_logimatId>A1</LogimatPickingActivity_opening_LogimatDcCfg_logimatId>
					<LogimatPickingActivity_opening_openingNo>1</LogimatPickingActivity_opening_openingNo>
					<LogimatPickingActivity_sourceTray_luId>18888888101</LogimatPickingActivity_sourceTray_luId>
					<LogimatPickingActivity_sourceTrayNo>1</LogimatPickingActivity_sourceTrayNo>
					<LogimatPickingActivity_sourceBox_luId>18888888101-019-002</LogimatPickingActivity_sourceBox_luId>
					<LogimatPickingActivity_sourceLocation_stoLocId>A1-OP1-1</LogimatPickingActivity_sourceLocation_stoLocId>
					<LogimatPickingActivity_destStockObject_luId>TEMP000000010</LogimatPickingActivity_destStockObject_luId>
					<LogimatPickingActivity_user>touch</LogimatPickingActivity_user>
					<LogimatPickingActivity_registrationTime>20230403110926</LogimatPickingActivity_registrationTime>
					<LogimatPickingActivity_pickedAmount_baseQty>1.0</LogimatPickingActivity_pickedAmount_baseQty>
					<LogimatPickingActivity_reservedAmount_baseQty>1.0</LogimatPickingActivity_reservedAmount_baseQty>
					<LogimatPickingActivity_sia_batch>B</LogimatPickingActivity_sia_batch>
					<csia1>MC</csia1>
					<csia2>20231212</csia2>
					<csia3>S</csia3>
				</LOGIMATPDLACTIVITYACK00002>
			</LOGIMATPDLACK00003>
			<LOGIMATPDLACK00003>
				<LogimatPickingDemandLine_demand_demandNo>order5p</LogimatPickingDemandLine_demand_demandNo>
				<LogimatPickingDemandLine_sysPartnerLine>2</LogimatPickingDemandLine_sysPartnerLine>
				<LogimatPickingDemandLine_demandLineNo>2</LogimatPickingDemandLine_demandLineNo>
				<LogimatPickingDemandLine_sqa_pkv_Item_Client_clientId>MSWC</LogimatPickingDemandLine_sqa_pkv_Item_Client_clientId>
				<LogimatPickingDemandLine_sqa_pkv_Item_itemNo>0000334306</LogimatPickingDemandLine_sqa_pkv_Item_itemNo>
				<LogimatPickingDemandLine_sqa_pkv_Item_variant>Y122-08</LogimatPickingDemandLine_sqa_pkv_Item_variant>
				<LogimatPickingDemandLine_sqa_batch>B</LogimatPickingDemandLine_sqa_batch>
				<LogimatPickingDemandLine_diffReason>NONE</LogimatPickingDemandLine_diffReason>
				<LogimatPickingDemandLine_orderedAmount_baseQty>2.0</LogimatPickingDemandLine_orderedAmount_baseQty>
				<LogimatPickingDemandLine_releasedAmount_baseQty>2.0</LogimatPickingDemandLine_releasedAmount_baseQty>
				<LogimatPickingDemandLine_deliveredAmount_baseQty>2.0</LogimatPickingDemandLine_deliveredAmount_baseQty>
				<csia1>MC</csia1>
				<csia2>20231212</csia2>
				<csia3>S</csia3>
				<LOGIMATPDLACTIVITYACK00002>
					<LogimatPickingActivity_opening_LogimatDcCfg_logimatId>A1</LogimatPickingActivity_opening_LogimatDcCfg_logimatId>
					<LogimatPickingActivity_opening_openingNo>1</LogimatPickingActivity_opening_openingNo>
					<LogimatPickingActivity_sourceTray_luId>18888888101</LogimatPickingActivity_sourceTray_luId>
					<LogimatPickingActivity_sourceTrayNo>1</LogimatPickingActivity_sourceTrayNo>
					<LogimatPickingActivity_sourceBox_luId>18888888101-024-002</LogimatPickingActivity_sourceBox_luId>
					<LogimatPickingActivity_sourceLocation_stoLocId>A1-OP1-1</LogimatPickingActivity_sourceLocation_stoLocId>
					<LogimatPickingActivity_destStockObject_luId>TEMP000000010</LogimatPickingActivity_destStockObject_luId>
					<LogimatPickingActivity_user>touch</LogimatPickingActivity_user>
					<LogimatPickingActivity_registrationTime>20230403110930</LogimatPickingActivity_registrationTime>
					<LogimatPickingActivity_pickedAmount_baseQty>2.0</LogimatPickingActivity_pickedAmount_baseQty>
					<LogimatPickingActivity_reservedAmount_baseQty>2.0</LogimatPickingActivity_reservedAmount_baseQty>
					<LogimatPickingActivity_sia_batch>B</LogimatPickingActivity_sia_batch>
					<csia1>MC</csia1>
					<csia2>20231212</csia2>
					<csia3>S</csia3>
				</LOGIMATPDLACTIVITYACK00002>
			</LOGIMATPDLACK00003>
		</LOGIMATPDACK00005>
	</body>
</DI_TELEGRAM>

