<?xml version="1.0" encoding="UTF-8"?>
<DI_TELEGRAM>
	<header>
		<FULL>
			<HEADER_SOURCE>WAMAS</HEADER_SOURCE>
			<HEADER_DESTINATION>HOST</HEADER_DESTINATION>
			<HEADER_SEQUENCE>0</HEADER_SEQUENCE>
			<HEADER_CREATIONTIME>20230403105617</HEADER_CREATIONTIME>
			<HEADER_RECORDTYPENAME>LOGIMATSDACK00004</HEADER_RECORDTYPENAME>
		</FULL>
	</header>
	<body>
		<LOGIMATSDACK00004>
			<LogimatStorageDemand_demandNo>order2s</LogimatStorageDemand_demandNo>
			<LogimatStorageDemand_demandType_typeId>RECV</LogimatStorageDemand_demandType_typeId>
			<LogimatStorageDemand_priority>0</LogimatStorageDemand_priority>
			<LogimatStorageDemand_noteNo>note</LogimatStorageDemand_noteNo>
			<LogimatStorageDemand_state_mainState>FINISHED</LogimatStorageDemand_state_mainState>
			<externalRef>ref</externalRef>
			<LogimatStorageDemand_zone>ZONEA</LogimatStorageDemand_zone>
			<LOGIMATSDLACK00003>
				<LogimatStorageDemandLine_demand_demandNo>order2s</LogimatStorageDemandLine_demand_demandNo>
				<LogimatStorageDemandLine_sysPartnerLine>1</LogimatStorageDemandLine_sysPartnerLine>
				<LogimatStorageDemandLine_demandLineNo>1</LogimatStorageDemandLine_demandLineNo>
				<LogimatStorageDemandLine_sqa_pkv_Item_Client_clientId>MSWC</LogimatStorageDemandLine_sqa_pkv_Item_Client_clientId>
				<LogimatStorageDemandLine_sqa_pkv_Item_itemNo>0000334308</LogimatStorageDemandLine_sqa_pkv_Item_itemNo>
				<LogimatStorageDemandLine_sqa_pkv_Item_variant>Y122-08</LogimatStorageDemandLine_sqa_pkv_Item_variant>
				<LogimatStorageDemandLine_sqa_batch>B</LogimatStorageDemandLine_sqa_batch>
				<LogimatStorageDemandLine_diffReason>NONE</LogimatStorageDemandLine_diffReason>
				<LogimatStorageDemandLine_orderedAmount_baseQty>200.0</LogimatStorageDemandLine_orderedAmount_baseQty>
				<LogimatStorageDemandLine_releasedAmount_baseQty>200.0</LogimatStorageDemandLine_releasedAmount_baseQty>
				<LogimatStorageDemandLine_deliveredAmount_baseQty>200.0</LogimatStorageDemandLine_deliveredAmount_baseQty>
				<csia1>MC</csia1>
				<csia2>20231212</csia2>
				<csia3>S</csia3>
				<LOGIMATSDLACTIVITYACK00001>
					<LogimatStorageActivity_opening_LogimatDcCfg_logimatId>A1</LogimatStorageActivity_opening_LogimatDcCfg_logimatId>
					<LogimatStorageActivity_opening_openingNo>1</LogimatStorageActivity_opening_openingNo>
					<LogimatStorageActivity_destTray_luId>18888888101</LogimatStorageActivity_destTray_luId>
					<LogimatStorageActivity_destTrayNo>1</LogimatStorageActivity_destTrayNo>
					<LogimatStorageActivity_destStockObject_luId>18888888101-020-002</LogimatStorageActivity_destStockObject_luId>
					<LogimatStorageActivity_user>touch</LogimatStorageActivity_user>
					<LogimatStorageActivity_registrationTime>20230403105606</LogimatStorageActivity_registrationTime>
					<LogimatStorageActivity_storedAmount_baseQty>100.0</LogimatStorageActivity_storedAmount_baseQty>
					<LogimatStorageActivity_reservedAmount_baseQty>100.0</LogimatStorageActivity_reservedAmount_baseQty>
				</LOGIMATSDLACTIVITYACK00001>
				<LOGIMATSDLACTIVITYACK00001>
					<LogimatStorageActivity_opening_LogimatDcCfg_logimatId>A1</LogimatStorageActivity_opening_LogimatDcCfg_logimatId>
					<LogimatStorageActivity_opening_openingNo>1</LogimatStorageActivity_opening_openingNo>
					<LogimatStorageActivity_destTray_luId>18888888101</LogimatStorageActivity_destTray_luId>
					<LogimatStorageActivity_destTrayNo>1</LogimatStorageActivity_destTrayNo>
					<LogimatStorageActivity_destStockObject_luId>18888888101-021-002</LogimatStorageActivity_destStockObject_luId>
					<LogimatStorageActivity_user>touch</LogimatStorageActivity_user>
					<LogimatStorageActivity_registrationTime>20230403105612</LogimatStorageActivity_registrationTime>
					<LogimatStorageActivity_storedAmount_baseQty>100.0</LogimatStorageActivity_storedAmount_baseQty>
					<LogimatStorageActivity_reservedAmount_baseQty>100.0</LogimatStorageActivity_reservedAmount_baseQty>
				</LOGIMATSDLACTIVITYACK00001>
			</LOGIMATSDLACK00003>
		</LOGIMATSDACK00004>
	</body>
</DI_TELEGRAM>

