<?xml version="1.0" encoding="UTF-8"?>
<DI_TELEGRAM>
	<header>
		<FULL>
			<HEADER_SOURCE>WAMAS</HEADER_SOURCE>
			<HEADER_DESTINATION>HOST</HEADER_DESTINATION>
			<HEADER_SEQUENCE>0</HEADER_SEQUENCE>
			<HEADER_CREATIONTIME>20210417134728</HEADER_CREATIONTIME>
			<HEADER_RECORDTYPENAME>LOGIMATSTOCKADJ00003</HEADER_RECORDTYPENAME>
		</FULL>
	</header>
	<body>
		<LOGIMATSTOCKADJ00003>
			<StockObject_sia_pkv_Item_Client_clientId>DEFAULT</StockObject_sia_pkv_Item_Client_clientId>
			<StockObject_sia_pkv_Item_itemNo>DW00100002</StockObject_sia_pkv_Item_itemNo>
			<StockObject_sia_pkv_Item_variant>00000</StockObject_sia_pkv_Item_variant>
			<DifferenceConfirmation_amountFrom_baseQty>-1.0</DifferenceConfirmation_amountFrom_baseQty>
			<StockObject_StockObjectBundle_luId>18888888101-018</StockObject_StockObjectBundle_luId>
			<DifferenceConfirmation_postingKey_id>502</DifferenceConfirmation_postingKey_id>
		</LOGIMATSTOCKADJ00003>
	</body>
</DI_TELEGRAM>

