<?xml version="1.0" encoding="UTF-8"?>
<DI_TELEGRAM>
	<header>
		<FULL>
			<HEADER_SOURCE>WAMAS</HEADER_SOURCE>
			<HEADER_DESTINATION>HOST</HEADER_DESTINATION>
			<HEADER_SEQUENCE>0</HEADER_SEQUENCE>
			<HEADER_CREATIONTIME>20230515231612</HEADER_CREATIONTIME>
			<HEADER_RECORDTYPENAME>LOGIMATINVDACK00003</HEADER_RECORDTYPENAME>
		</FULL>
	</header>
	<body>
		<LOGIMATINVDACK00003>
			<LogimatInventoryDemand_demandNo>INV000012</LogimatInventoryDemand_demandNo>
			<LogimatInventoryDemand_inventoryDemandType_typeId>WMS Default</LogimatInventoryDemand_inventoryDemandType_typeId>
			<LOGIMATINVDLACK00003>
				<LogimatInventoryDemandLine_demand_demandNo>INV000012</LogimatInventoryDemandLine_demand_demandNo>
				<LogimatInventoryDemandLine_sysPartnerLine>1</LogimatInventoryDemandLine_sysPartnerLine>
				<LogimatInventoryDemandLine_res_item_item_Client_clientId>MSWC</LogimatInventoryDemandLine_res_item_item_Client_clientId>
				<LogimatInventoryDemandLine_res_item_item_itemNo>0000334308</LogimatInventoryDemandLine_res_item_item_itemNo>
				<LogimatInventoryDemandLine_res_item_item_variant>Y122-08</LogimatInventoryDemandLine_res_item_item_variant>
				<LogimatInventoryDemandLine_res_wh_zone>ZONEA</LogimatInventoryDemandLine_res_wh_zone>
				<csia1>MC</csia1>
				<csia2>20231212</csia2>
				<csia3>S</csia3>
			</LOGIMATINVDLACK00003>
			<LOGIMATSTOCKACK00005>
				<StockReportRequest_id>1</StockReportRequest_id>
				<StockObject_StockObjectBundle_luId>18888888101-020-002</StockObject_StockObjectBundle_luId>
				<StockObject_sia_pkv_Item_Client_clientId>MSWC</StockObject_sia_pkv_Item_Client_clientId>
				<StockObject_sia_pkv_Item_itemNo>0000334308</StockObject_sia_pkv_Item_itemNo>
				<StockObject_sia_pkv_Item_variant>Y122-08</StockObject_sia_pkv_Item_variant>
				<StockObject_sia_batch>B</StockObject_sia_batch>
				<StockObject_sia_csia_csia01>MC</StockObject_sia_csia_csia01>
				<StockObject_sia_csia_csia02>20231212</StockObject_sia_csia_csia02>
				<StockObject_sia_csia_csia03>S</StockObject_sia_csia_csia03>
				<StockObject_amount_baseQty>100.0</StockObject_amount_baseQty>
				<StockObject_amount_difference>2.0</StockObject_amount_difference>
			</LOGIMATSTOCKACK00005>
			<LOGIMATSTOCKACK00005>
				<StockReportRequest_id>1</StockReportRequest_id>
				<StockObject_StockObjectBundle_luId>18888888101-021-002</StockObject_StockObjectBundle_luId>
				<StockObject_sia_pkv_Item_Client_clientId>MSWC</StockObject_sia_pkv_Item_Client_clientId>
				<StockObject_sia_pkv_Item_itemNo>0000334308</StockObject_sia_pkv_Item_itemNo>
				<StockObject_sia_pkv_Item_variant>Y122-08</StockObject_sia_pkv_Item_variant>
				<StockObject_sia_batch>B</StockObject_sia_batch>
				<StockObject_sia_csia_csia01>MC</StockObject_sia_csia_csia01>
				<StockObject_sia_csia_csia02>20231212</StockObject_sia_csia_csia02>
				<StockObject_sia_csia_csia03>S</StockObject_sia_csia_csia03>
				<StockObject_amount_baseQty>100.0</StockObject_amount_baseQty>
				<StockObject_amount_difference>0.0</StockObject_amount_difference>
			</LOGIMATSTOCKACK00005>
			<LOGIMATSTOCKACK00005>
				<StockReportRequest_id>1</StockReportRequest_id>
				<StockObject_StockObjectBundle_luId>18888888101-029-002</StockObject_StockObjectBundle_luId>
				<StockObject_sia_pkv_Item_Client_clientId>MSWC</StockObject_sia_pkv_Item_Client_clientId>
				<StockObject_sia_pkv_Item_itemNo>0000334308</StockObject_sia_pkv_Item_itemNo>
				<StockObject_sia_pkv_Item_variant>Y122-08</StockObject_sia_pkv_Item_variant>
				<StockObject_sia_batch>B</StockObject_sia_batch>
				<StockObject_sia_csia_csia01>MC</StockObject_sia_csia_csia01>
				<StockObject_sia_csia_csia02>20231212</StockObject_sia_csia_csia02>
				<StockObject_sia_csia_csia03>S</StockObject_sia_csia_csia03>
				<StockObject_amount_baseQty>100.0</StockObject_amount_baseQty>
				<StockObject_amount_difference>84.0</StockObject_amount_difference>
			</LOGIMATSTOCKACK00005>
		</LOGIMATINVDACK00003>
	</body>
</DI_TELEGRAM>

